type,total,well_fit,good,pct,median_pref_wellfit,median_pref_good,osi_median,mean_rate_hz,silent_frac
5-HTPMPV01,1,0,0,0.0,,,0.006039048863052717,28.772478103637695,0.0
5th-LNv,1,0,0,0.0,,,0.004262478357493129,0.36836037039756775,0.0
AN_multi_124,3,0,0,0.0,,,0.00021025477125041176,210.90455627441406,0.0
AOTU026,1,0,0,0.0,,,0.004424779191677376,0.05412014573812485,0.0
AOTU054,1,0,0,0.0,,,0.0020195026522983896,64.78399658203125,0.0
AOTU065,1,0,0,0.0,,,0.010954522029353665,58.575477600097656,0.0
APDN3,6,0,0,0.0,,,0.004998039145538431,105.99095916748047,0.0
AVLP151,1,0,0,0.0,,,0.024501256180797768,1.4080603122711182,0.0
AVLP534,1,0,0,0.0,,,0.01993074659477768,0.8696377277374268,0.0
AVLP593,1,0,0,0.0,,,0.0012019491928121915,269.478759765625,0.0
Am1,1,0,0,0.0,,,0.014814543374375416,0.00901806727051735,0.0
C2,743,0,0,0.0,,,0.005710278129433499,41.59074783325195,0.026917900403768506
C3,766,0,0,0.0,,,0.006152475235315851,55.46770095825195,0.0039164490861618795
CB0143,1,0,0,0.0,,,0.006595765548806482,80.80145263671875,0.0
CB0734,1,0,0,0.0,,,0.006193442822124963,95.15020751953125,0.0
CB0802,1,0,0,0.0,,,0.01763084394551593,5.758732795715332,0.0
CB1329,1,0,0,0.0,,,0.02253596955953123,1.1441924571990967,0.0
CB2685,1,0,0,0.0,,,0.0,0.0,1.0
CB2848,1,0,0,0.0,,,0.0,0.0,1.0
CB3089,2,0,0,0.0,,,0.2778852170081465,103.74097442626953,0.0
CB3235,1,0,0,0.0,,,0.012514976627594033,0.08924119174480438,0.0
CB3238,1,0,0,0.0,,,0.008577356284507417,0.6256728768348694,0.0
CB3790,1,0,0,0.0,,,0.0,0.0,1.0
CB3866,1,0,0,0.0,,,0.015212528198860752,2.708726167678833,0.0
CL104,1,0,0,0.0,,,0.0,0.0,1.0
CT1,1,0,0,0.0,,,0.006085150525461685,304.7729797363281,0.0
DCH,1,0,0,0.0,,,0.03028195952694512,6.93923807144165,0.0
DGI,1,0,0,0.0,,,0.014609117590094707,1.0515248775482178,0.0
DN1-l,1,0,0,0.0,,,0.011711461498543796,34.84318161010742,0.0
DN1a,2,0,0,0.0,,,0.15829119782581652,0.21266305446624756,0.0
DNc01,1,0,0,0.0,,,0.1279198251687645,0.0015754292253404856,0.0
DNc02,1,0,0,0.0,,,0.0032176581285985268,155.68707275390625,0.0
DNg33,1,0,0,0.0,,,3.371172066740154e-05,322.1640319824219,0.0
DNp11,1,0,0,0.0,,,0.07259225411668274,0.00978139229118824,0.0
DNp31,1,0,0,0.0,,,0.0015891983949614154,297.9352111816406,0.0
DNpe053,1,0,0,0.0,,,0.00018692751841288018,428.3650817871094,0.0
Dm1,37,16,16,43.24324324324324,91.10000000000001,91.10000000000001,0.21459764710686308,5.330784797668457,0.0
Dm10,248,0,0,0.0,,,0.07186979161540094,0.0015380971599370241,0.4274193548387097
Dm11,66,3,3,4.545454545454546,14.700000000000001,14.700000000000001,0.05788426300262904,2.7609262466430664,0.07575757575757576
Dm12,109,85,86,77.98165137614679,98.80000000000001,99.0,0.060963654071023964,65.20662689208984,0.0
Dm13,24,2,2,8.333333333333332,40.300000000000004,40.300000000000004,0.0411291844803634,42.66455078125,0.0
Dm14,14,0,0,0.0,,,0.0,0.0,1.0
Dm15,201,184,184,91.54228855721394,97.60000000000001,97.60000000000001,0.21313277269613967,13.236021041870117,0.0
Dm16,44,7,7,15.909090909090908,4.0,4.0,0.19541218871866703,0.11089152097702026,0.045454545454545456
Dm17,4,1,1,25.0,120.0,120.0,0.061133539024882895,41.800331115722656,0.0
Dm18,25,0,0,0.0,,,0.005794759409135758,116.29884338378906,0.0
Dm19,11,0,0,0.0,,,0.0031062263881570787,389.5764465332031,0.0
Dm2,598,19,20,3.177257525083612,107.5,105.0,0.14711512849820632,0.45528846979141235,0.2809364548494983
Dm20,47,19,19,40.42553191489361,30.400000000000002,30.400000000000002,0.031548895905115094,129.23072814941406,0.0
Dm3p,497,481,481,96.78068410462777,126.0,126.0,0.2206826334031133,8.430740356445312,0.002012072434607646
Dm3q,455,450,450,98.9010989010989,60.300000000000004,60.300000000000004,0.2029037973443694,10.237539291381836,0.0
Dm3v,317,307,307,96.84542586750788,4.3,4.3,0.24554754193102407,8.527328491210938,0.0
Dm4,39,33,33,84.61538461538461,95.30000000000001,95.30000000000001,0.060623520280627535,90.0615234375,0.0
Dm6,31,13,14,41.935483870967744,138.20000000000002,137.1,0.11357608703746871,26.556901931762695,0.0
Dm8a,184,1,1,0.5434782608695652,140.8,140.8,0.04424857602098735,2.7998058795928955,0.005434782608695652
Dm8b,197,1,1,0.5076142131979695,172.8,172.8,0.05055338920601462,1.8653969764709473,0.0
Dm9,128,97,103,75.78125,125.4,135.6,0.056550383485748965,76.85523223876953,0.0
DmDRA1,23,4,4,17.391304347826086,8.0,8.0,0.12822738382307242,1.9320893287658691,0.21739130434782608
DmDRA2,12,3,5,25.0,112.0,125.60000000000001,0.07892513706465595,29.98383331298828,0.0
H2,1,0,0,0.0,,,0.0044247791916773565,0.04421951249241829,0.0
HSE,1,0,0,0.0,,,0.17264707678974214,0.15428908169269562,0.0
HSN,1,0,0,0.0,,,0.043591731471483666,0.01539927814155817,0.0
HSS,1,0,0,0.0,,,0.0,0.0,1.0
L1,793,0,0,0.0,,,0.00181340912057501,47.45368194580078,0.0
L2,791,0,0,0.0,,,0.0044769842166352,26.824674606323242,0.0
L3,732,0,0,0.0,,,0.0024274981679537197,52.73759078979492,0.0
L4,708,11,11,1.5536723163841808,8.9,8.9,0.0,0.14930486679077148,0.6454802259887006
L5,784,5,5,0.6377551020408163,38.900000000000006,38.900000000000006,0.021402758698695908,5.70620584487915,0.021683673469387755
LAL047,1,0,0,0.0,,,0.013779020054367194,0.29703789949417114,0.0
LC10a,121,0,0,0.0,,,0.0,0.0007774493424221873,0.5289256198347108
LC10b,43,10,10,23.25581395348837,38.300000000000004,38.300000000000004,0.13280725706496427,8.51033878326416,0.0
LC10c,102,38,38,37.254901960784316,101.30000000000001,101.30000000000001,0.21132410206799196,5.656235694885254,0.00980392156862745
LC10d,95,0,0,0.0,,,0.1290631019447326,0.7076975703239441,0.2736842105263158
LC10e,51,11,11,21.568627450980394,36.5,36.5,0.16051158851626396,1.362701654434204,0.21568627450980393
LC10f,2,0,0,0.0,,,0.019548779873784224,0.052626919001340866,0.5
LC11,61,0,0,0.0,,,0.06697656182630302,0.01077286060899496,0.03278688524590164
LC12,183,2,2,1.092896174863388,0.0,0.0,0.17017821257439525,0.09771867096424103,0.16939890710382513
LC13,70,4,4,5.714285714285714,60.1,60.1,0.04710108045975732,0.10427472740411758,0.0
LC15,54,0,0,0.0,,,0.0,0.0001291110529564321,0.7592592592592593
LC16,74,52,52,70.27027027027027,77.60000000000001,77.60000000000001,0.19305365506453304,6.569573879241943,0.04054054054054054
LC17,142,0,0,0.0,,,0.17739847687063942,0.007518385071307421,0.09154929577464789
LC18,92,0,0,0.0,,,0.0,0.0,1.0
LC19,7,0,0,0.0,,,0.18438957759350852,0.09894593060016632,0.14285714285714285
LC20a,26,4,4,15.384615384615385,104.0,104.0,0.23591991864476247,0.5879204869270325,0.15384615384615385
LC20b,23,5,5,21.73913043478261,94.2,94.2,0.28610731612946666,2.223625898361206,0.0
LC21,62,0,0,0.0,,,0.0,5.583238817052916e-05,0.7903225806451613
LC22,46,0,0,0.0,,,0.0,0.0019579550717025995,0.9130434782608695
LC24,35,3,3,8.571428571428571,108.0,108.0,0.0,0.23140455782413483,0.7428571428571429
LC25,29,0,0,0.0,,,0.0,0.0,1.0
LC26,31,2,2,6.451612903225806,74.0,74.0,0.0,0.009584695100784302,0.8064516129032258
LC27,19,2,2,10.526315789473683,0.0,0.0,0.05667670039342462,4.36393928527832,0.3157894736842105
LC28a,56,1,1,1.7857142857142856,136.8,136.8,0.13649109851542401,1.4616628885269165,0.17857142857142858
LC29,23,1,1,4.3478260869565215,126.9,126.9,0.0,0.3697623908519745,0.6956521739130435
LC31a,17,0,0,0.0,,,0.0,4.251023256074404e-06,0.8823529411764706
LC31b,5,0,0,0.0,,,0.0,0.0061447154730558395,0.6
LC31c,1,0,0,0.0,,,0.3303551151632017,0.010438121855258942,0.0
LC33,15,0,0,0.0,,,0.012993938163525034,15.680078506469727,0.13333333333333333
LC34,7,0,0,0.0,,,0.049389735143932675,6.240857124328613,0.0
LC35,4,0,0,0.0,,,0.3007813652057245,0.00041011747089214623,0.0
LC36,17,0,0,0.0,,,0.06920775348099786,2.7198781967163086,0.11764705882352941
LC37,9,0,0,0.0,,,0.12048681769732347,1.1524654626846313,0.0
LC39,4,0,0,0.0,,,0.047742926501489605,5.5402350425720215,0.0
LC4,50,2,2,4.0,139.20000000000002,139.20000000000002,0.28822707427390337,0.040510475635528564,0.0
LC40,18,0,0,0.0,,,0.13658082131475352,0.018753137439489365,0.3333333333333333
LC41,6,0,0,0.0,,,0.1933872717473077,0.29479342699050903,0.16666666666666666
LC43,6,0,0,0.0,,,0.0,0.0,1.0
LC44,2,0,0,0.0,,,0.0,0.0,1.0
LC45,12,0,0,0.0,,,0.0,0.0002495483495295048,0.75
LC46,7,1,1,14.285714285714285,112.5,112.5,0.36391296050793365,0.14987803995609283,0.0
LC6,60,0,0,0.0,,,0.0,6.17284001691587e-07,0.9833333333333333
LC9,92,0,0,0.0,,,0.07681263485225535,0.017504563555121422,0.06521739130434782
LCe01a,12,0,0,0.0,,,0.0,0.0,1.0
LCe01b,23,14,14,60.86956521739131,105.80000000000001,105.80000000000001,0.4035634450465447,2.137072801589966,0.17391304347826086
LCe02,28,0,0,0.0,,,0.0,0.012862821109592915,0.6071428571428571
LCe03,25,1,1,4.0,12.8,12.8,0.0,0.003089647740125656,0.88
LCe04,18,0,0,0.0,,,0.0,0.04212300479412079,0.6666666666666666
LCe05,8,0,0,0.0,,,0.06775742577194357,3.2183802127838135,0.125
LCe06,6,0,0,0.0,,,0.03366211278192211,0.09183529019355774,0.0
LCe07,6,0,0,0.0,,,0.0,1.2195122508273926e-05,0.8333333333333334
LCe08,4,0,0,0.0,,,0.05635626046056519,2.246669054031372,0.0
LCe09,8,0,0,0.0,,,0.0,0.0,1.0
LHPV2i2a,1,0,0,0.0,,,0.04607838322030009,0.31378769874572754,0.0
LLPC1,113,0,0,0.0,,,0.02688376379428571,0.007575421128422022,0.4690265486725664
LLPC2,115,0,0,0.0,,,0.09974704945818855,0.06787803769111633,0.3391304347826087
LLPC3,102,0,0,0.0,,,0.06555001744876682,0.5267652273178101,0.21568627450980393
LLPC4,3,0,0,0.0,,,0.0,0.8264737129211426,0.6666666666666666
LLPt,36,0,0,0.0,,,0.021578255884880992,0.2547038495540619,0.0
LM102a_L234-M89,2,0,0,0.0,,,0.0029304072996976962,3.2316958904266357,0.5
LMa1,28,0,0,0.0,,,0.12742907547723914,0.013896438293159008,0.07142857142857142
LMa2,20,0,0,0.0,,,0.0,0.0,1.0
LMa3,18,5,5,27.77777777777778,160.4,160.4,0.2706161239852836,0.131313756108284,0.0
LMa4,33,12,12,36.36363636363637,142.0,142.0,0.4721241791851917,0.0870504230260849,0.12121212121212122
LMa5,34,0,0,0.0,,,0.004424779191677398,0.06866724789142609,0.0
LMt1,23,0,0,0.0,,,0.08408027163455402,0.01704968512058258,0.21739130434782608
LMt2,27,2,2,7.4074074074074066,150.9,150.9,0.1802819029326832,1.1309293508529663,0.0
LMt3,18,0,0,0.0,,,0.08363520011463986,0.001016561291180551,0.4444444444444444
LMt4,20,0,0,0.0,,,0.08998848899732417,0.0027404245920479298,0.3
LNd_CRY+_ITP+,1,0,0,0.0,,,0.027931029462392638,0.3341507315635681,0.0
LPC1,82,0,0,0.0,,,0.0,0.0001272611116291955,0.6463414634146342
LPC2,62,0,0,0.0,,,0.10200689589992215,0.6741995215415955,0.22580645161290322
LPLC1,72,0,0,0.0,,,0.194935764663528,0.0036711960565298796,0.25
LPLC2,102,4,4,3.9215686274509802,0.1,0.1,0.3254982930118072,0.14946091175079346,0.0784313725490196
LPLC4,54,1,1,1.8518518518518516,21.700000000000003,21.700000000000003,0.10187106235670225,0.6676772832870483,0.07407407407407407
LPT04_HST,1,0,0,0.0,,,0.030683718552673888,0.14197199046611786,0.0
LPT21,1,0,0,0.0,,,0.0032322685530812717,40.14686965942383,0.0
LPT22,1,0,0,0.0,,,0.00497078921454256,74.30143737792969,0.0
LPT23,3,0,0,0.0,,,0.0014281568895348502,46.821041107177734,0.0
LPT26,1,0,0,0.0,,,0.06047604791553758,0.18593136966228485,0.0
LPT27,1,0,0,0.0,,,0.06665514976635725,0.008027100004255772,0.0
LPT28,1,0,0,0.0,,,0.0031474892667423633,49.782188415527344,0.0
LPT29,1,0,0,0.0,,,0.07968432294337967,2.6608989238739014,0.0
LPT30,1,0,0,0.0,,,0.0472298865929384,0.13799458742141724,0.0
LPT31,4,0,0,0.0,,,0.047910422464296665,3.351459264755249,0.0
LPT42_Nod4,1,0,0,0.0,,,0.0566954653164585,0.000729900726582855,0.0
LPT47_vCal2,1,0,0,0.0,,,0.00848312161492459,9.882899284362793,0.0
LPT48_vCal3,1,0,0,0.0,,,0.07934397412620492,0.0032511295285075903,0.0
LPT49,1,0,0,0.0,,,0.03625629806801533,0.14042727649211884,0.0
LPT51,1,0,0,0.0,,,0.0012071079055610962,175.21836853027344,0.0
LPT52,1,0,0,0.0,,,0.06770213056435613,0.08371002227067947,0.0
LPT53,1,0,0,0.0,,,0.018414245765194747,0.5524959564208984,0.0
LPT54,1,0,0,0.0,,,0.001751516456003154,62.83015060424805,0.0
LPT57,1,0,0,0.0,,,0.0012043384949791348,151.58364868164062,0.0
LPT58,1,0,0,0.0,,,0.0034629540040857997,26.537555694580078,0.0
LPTe01,20,0,0,0.0,,,0.006029866655819697,6.332029342651367,0.3
LPTe02,6,0,0,0.0,,,0.01266394253447583,3.1229774951934814,0.3333333333333333
LPi01,16,0,0,0.0,,,0.008023579385651023,3.6332054138183594,0.25
LPi02,48,0,0,0.0,,,0.012709087502828492,6.661654472351074,0.0625
LPi03,7,0,0,0.0,,,0.003144387282951683,0.32720351219177246,0.42857142857142855
LPi04,51,0,0,0.0,,,0.009203317143762865,11.954094886779785,0.19607843137254902
LPi05,42,0,0,0.0,,,0.019750836517277166,0.08575669676065445,0.047619047619047616
LPi06,17,0,0,0.0,,,0.0025544915269758908,47.72531509399414,0.0
LPi07,51,0,0,0.0,,,0.3029118927170373,0.011143861338496208,0.13725490196078433
LPi08,22,0,0,0.0,,,0.003686674067257239,27.3430118560791,0.0
LPi09,56,0,0,0.0,,,0.08877104991195944,0.032658714801073074,0.0
LPi10,21,1,2,4.761904761904762,39.2,39.300000000000004,0.003943922301078326,113.43598175048828,0.0
LPi11,27,0,0,0.0,,,0.07700247087913904,0.006212586537003517,0.07407407407407407
LPi12,1,0,0,0.0,,,0.22571124470861773,0.0013911472633481026,0.0
LPi13,1,0,0,0.0,,,0.06550544214481509,1.017064094543457,0.0
LPi14,2,0,0,0.0,,,0.008451835599638255,0.2861648201942444,0.0
LPi15,1,0,0,0.0,,,0.043238803973234284,0.30047059059143066,0.0
LT11,1,0,0,0.0,,,0.3119274405964895,0.01757633127272129,0.0
LT1a,1,0,0,0.0,,,0.03218480035073956,1.7701717615127563,0.0
LT1b,1,0,0,0.0,,,0.04983070450223471,3.0460171699523926,0.0
LT1c,1,0,0,0.0,,,0.03970339354137458,0.006247516255825758,0.0
LT1d,1,0,0,0.0,,,0.09384689218467629,16.57041358947754,0.0
LT33,1,0,0,0.0,,,0.09940563044190646,0.7057109475135803,0.0
LT34,1,0,0,0.0,,,0.01624580872851261,24.67745018005371,0.0
LT36,1,0,0,0.0,,,0.007815978753751078,0.08572898805141449,0.0
LT37,1,0,0,0.0,,,0.012382218869182962,0.9761201739311218,0.0
LT38,2,0,0,0.0,,,0.017045821234406726,0.13090968132019043,0.0
LT39,1,0,0,0.0,,,0.0022033752217102366,161.4665069580078,0.0
LT40,1,0,0,0.0,,,0.030347566281951177,0.8701490759849548,0.0
LT41,1,0,0,0.0,,,0.010376469938911543,6.3028483390808105,0.0
LT42,1,0,0,0.0,,,0.0495609146953125,2.230489730834961,0.0
LT43,2,0,0,0.0,,,0.10056647758027613,0.1351860761642456,0.0
LT47,1,0,0,0.0,,,0.02755003845752444,0.7736278176307678,0.0
LT51,11,1,1,9.090909090909092,46.300000000000004,46.300000000000004,0.0517176602817464,23.553817749023438,0.0
LT52,16,2,2,12.5,122.4,122.4,0.05946201101053078,13.533731460571289,0.0
LT53,4,0,0,0.0,,,0.009563720405600431,100.17574310302734,0.0
LT56,1,0,0,0.0,,,0.019330065795918377,0.04084642976522446,0.0
LT57,11,0,0,0.0,,,0.01692425909127332,0.07638506591320038,0.2727272727272727
LT58,1,0,0,0.0,,,0.14192906998358848,0.0017533876234665513,0.0
LT59,1,0,0,0.0,,,0.5338062283778888,0.00018247516709379852,0.0
LT60,1,0,0,0.0,,,0.0,0.0,1.0
LT61a,1,0,0,0.0,,,0.0,0.0,1.0
LT61b,1,0,0,0.0,,,0.03181445133067006,0.1840885430574417,0.0
LT62,1,0,0,0.0,,,0.030814134499092295,0.05450225993990898,0.0
LT63,2,0,0,0.0,,,0.07302737567786718,3.0721888542175293,0.0
LT64,2,0,0,0.0,,,0.3932087197410088,7.362241012742743e-05,0.5
LT65,1,0,0,0.0,,,0.0,0.0,1.0
LT67,1,0,0,0.0,,,0.34358975008878523,0.007932249456644058,0.0
LT68,2,0,0,0.0,,,0.003976234017157177,76.15520477294922,0.0
LT69,1,0,0,0.0,,,0.36098092720330094,0.000912375864572823,0.0
LT70,4,0,0,0.0,,,0.004310144357711977,0.14432092010974884,0.0
LT72,1,0,0,0.0,,,0.7975460053146759,0.0001463414664613083,0.0
LT73,2,0,0,0.0,,,0.00564415266396995,43.31961441040039,0.5
LT74,2,0,0,0.0,,,0.45286231808578425,0.0001815718278521672,0.0
LT75,1,0,0,0.0,,,0.0,0.0,1.0
LT76,1,0,0,0.0,,,0.0,0.0,1.0
LT77,3,1,1,33.33333333333333,48.6,48.6,0.2043666618403745,2.9305338859558105,0.0
LT78,4,0,0,0.0,,,0.04244007494125439,5.333039283752441,0.0
LT79,1,1,1,100.0,111.7,111.7,0.47375054426426466,1.2469593286514282,0.0
LT80,2,0,0,0.0,,,0.04219249706980387,41.73024368286133,0.0
LT81,5,1,1,20.0,135.0,135.0,0.16185496897137067,0.02077994868159294,0.2
LT82,3,0,0,0.0,,,0.0682389495207551,0.02080066315829754,0.0
LT83,1,0,0,0.0,,,0.05037494018432267,9.686367988586426,0.0
LT84,1,0,0,0.0,,,0.0,0.0,1.0
LT85,1,0,0,0.0,,,0.004081903651968148,0.08908220380544662,0.0
LT86,1,0,0,0.0,,,0.012410434265494798,46.79094696044922,0.0
LT87,1,0,0,0.0,,,0.0,0.0,1.0
LTe01,2,0,0,0.0,,,0.08919926866025951,0.38777056336402893,0.0
LTe02,2,0,0,0.0,,,0.0748630584002985,1.1544150114059448,0.0
LTe03,2,0,0,0.0,,,0.5,1.8066848497255705e-05,0.5
LTe04,1,0,0,0.0,,,0.0,0.0,1.0
LTe05,1,0,0,0.0,,,0.0,0.0,1.0
LTe06,1,0,0,0.0,,,0.04921775942409571,49.985015869140625,0.0
LTe07,1,0,0,0.0,,,0.12201197839138217,0.00018247518164571375,0.0
LTe08,1,0,0,0.0,,,0.37950208372427874,0.00036585371708497405,0.0
LTe09,7,0,0,0.0,,,0.007601902780109614,19.5329532623291,0.2857142857142857
LTe10,1,0,0,0.0,,,0.0,0.0,1.0
LTe11,1,0,0,0.0,,,0.19939360564437125,0.0024137310683727264,0.0
LTe12,1,0,0,0.0,,,0.09600426594823101,4.851910591125488,0.0
LTe13,1,0,0,0.0,,,0.02519476588294168,6.173665523529053,0.0
LTe14,1,0,0,0.0,,,0.08697702777603744,1.1499748229980469,0.0
LTe15,1,0,0,0.0,,,0.009073003656868413,0.0829692855477333,0.0
LTe16,1,0,0,0.0,,,0.0,0.0,1.0
LTe17,1,0,0,0.0,,,0.031147307712881853,0.1717434525489807,0.0
LTe18,1,0,0,0.0,,,0.02898282482930543,0.2851228713989258,0.0
LTe19,1,0,0,0.0,,,0.0021965103160432806,0.3542122542858124,0.0
LTe20,1,0,0,0.0,,,0.0,0.0,1.0
LTe21,1,0,0,0.0,,,0.0665781574320799,0.008843721821904182,0.0
LTe22,1,0,0,0.0,,,0.007963477434314437,74.91482543945312,0.0
LTe23,1,0,0,0.0,,,0.09399396669449543,0.020368564873933792,0.0
LTe24,1,0,0,0.0,,,0.0,0.0,1.0
LTe25,1,0,0,0.0,,,0.04685381468376112,18.52808952331543,0.0
LTe26,1,0,0,0.0,,,0.4120090851269672,0.00391327915713191,0.0
LTe27,1,0,0,0.0,,,0.057732330688756994,8.858565330505371,0.0
LTe28,1,0,0,0.0,,,0.04087426415980319,0.12098735570907593,0.0
LTe29,1,0,0,0.0,,,0.030646357678075945,0.010027101263403893,0.0
LTe30,1,1,1,100.0,123.9,123.9,0.19046567532531608,7.729968547821045,0.0
LTe31,1,0,0,0.0,,,4.7369515717340015e-17,0.06097831577062607,0.0
LTe32,3,0,0,0.0,,,0.06799890398289647,1.7783514261245728,0.0
LTe33,2,0,0,0.0,,,0.3341213107563262,0.0002009936870308593,0.0
LTe35,1,0,0,0.0,,,0.0,0.0,1.0
LTe36,1,0,0,0.0,,,0.0,0.0,1.0
LTe37,2,0,0,0.0,,,0.037440461260595664,1.8627538681030273,0.0
LTe38a,4,0,0,0.0,,,0.0,0.0,1.0
LTe38b,2,0,0,0.0,,,0.0,0.0,1.0
LTe40,1,0,0,0.0,,,1.0,3.703703987412155e-05,0.0
LTe41,1,0,0,0.0,,,1.0,3.703703987412155e-05,0.0
LTe42a,1,0,0,0.0,,,0.6596520911277796,0.00884281937032938,0.0
LTe42b,1,0,0,0.0,,,0.0639903869447703,0.10935501009225845,0.0
LTe42c,1,0,0,0.0,,,0.16719188396732126,0.7676504254341125,0.0
LTe43,4,0,0,0.0,,,0.008357879454155647,33.33527755737305,0.25
LTe44,1,0,0,0.0,,,0.9351440130926624,0.00014453478797804564,0.0
LTe45,1,0,0,0.0,,,0.15685961643670487,4.741154670715332,0.0
LTe46,1,0,0,0.0,,,0.019998716645971516,0.10604697465896606,0.0
LTe47,2,0,0,0.0,,,0.04916927114394791,1.6473817825317383,0.0
LTe48,1,0,0,0.0,,,0.009701441739697591,50.2935676574707,0.0
LTe49a,2,0,0,0.0,,,0.020185600515469873,0.09911065548658371,0.0
LTe49b,2,0,0,0.0,,,0.0,0.0,1.0
LTe49c,3,0,0,0.0,,,0.0,1.2345679351710714e-05,0.6666666666666666
LTe49d,2,0,0,0.0,,,0.0,0.0,1.0
LTe49e,1,0,0,0.0,,,0.0411621233161882,0.013629629276692867,0.0
LTe49f,2,0,0,0.0,,,0.0392430228993371,0.08520235121250153,0.0
LTe50,2,0,0,0.0,,,0.022878840698218758,50.52218246459961,0.0
LTe51,1,0,0,0.0,,,0.2729915310702234,0.0005853658658452332,0.0
LTe53,1,0,0,0.0,,,0.06572168757898682,0.014633244834840298,0.0
LTe54,2,0,0,0.0,,,0.5480556801264769,0.01904335804283619,0.0
LTe55,1,0,0,0.0,,,0.015549945847709011,0.0215402003377676,0.0
LTe56,1,0,0,0.0,,,0.1733581181373398,0.025838300585746765,0.0
LTe57,1,0,0,0.0,,,0.0,0.0,1.0
LTe58,6,0,0,0.0,,,0.0,0.022034626454114914,0.6666666666666666
LTe59a,1,0,0,0.0,,,0.0,0.0,1.0
LTe59b,1,0,0,0.0,,,0.0,0.0,1.0
LTe60,1,0,0,0.0,,,0.0028158269805052083,245.76315307617188,0.0
LTe61,1,0,0,0.0,,,0.24501217039000814,0.00010840109462151304,0.0
LTe62,1,0,0,0.0,,,0.4231064864400242,0.0043441737070679665,0.0
LTe63,3,0,0,0.0,,,0.3893690832534467,0.006337247788906097,0.3333333333333333
LTe64,8,0,0,0.0,,,0.2593422972415231,0.1469377875328064,0.0
LTe65,4,0,0,0.0,,,0.059406814070709336,0.20064792037010193,0.0
LTe66,3,0,0,0.0,,,0.05224332818402069,0.17011019587516785,0.0
LTe67,2,0,0,0.0,,,0.0007508563643893473,254.9976806640625,0.0
LTe68,5,0,0,0.0,,,0.009772352266413495,3.715665340423584,0.0
LTe69,1,0,0,0.0,,,0.0,0.0,1.0
LTe70,1,0,0,0.0,,,0.001962382697494377,249.0778350830078,0.0
LTe72,1,0,0,0.0,,,0.0013502315239681997,161.6843719482422,0.0
LTe73,1,0,0,0.0,,,0.0026312909615917755,32.8517951965332,0.0
LTe74,1,0,0,0.0,,,0.004471255185596112,62.119937896728516,0.0
LTe75,1,0,0,0.0,,,0.4691356428156887,0.00083830178482458,0.0
LTe76,1,0,0,0.0,,,0.0144017977756788,0.12411382794380188,0.0
Lai,231,0,0,0.0,,,0.002737623638885426,231.4481201171875,0.0
Lat,6,0,0,0.0,,,0.009167641307449017,35.0685920715332,0.0
LatB,6,0,0,0.0,,,0.0019525850060209604,63.779212951660156,0.16666666666666666
Lawf1,152,0,0,0.0,,,0.3001338293800223,3.5626814365386963,0.15789473684210525
Lawf2,168,0,0,0.0,,,0.0031040914417562165,193.7531280517578,0.0
Li01,84,56,56,66.66666666666666,31.1,31.1,0.12244852946351327,11.38772964477539,0.0
Li02,49,20,20,40.816326530612244,60.400000000000006,60.400000000000006,0.2346311759730824,4.1770758628845215,0.04081632653061224
Li03,46,10,10,21.73913043478261,44.5,44.5,0.31025669288073443,0.7489470839500427,0.15217391304347827
Li04,16,0,0,0.0,,,0.03733491990017666,3.861789082293399e-05,0.5
Li05,86,19,19,22.093023255813954,33.800000000000004,33.800000000000004,0.18441512059776552,1.981311321258545,0.08139534883720931
Li06,93,1,1,1.0752688172043012,170.0,170.0,0.0,0.02934887632727623,0.8494623655913979
Li07,10,0,0,0.0,,,0.0887601923869406,0.0034747968893498182,0.2
Li08,22,0,0,0.0,,,0.10435808647468721,0.4931689500808716,0.13636363636363635
Li09,26,1,1,3.8461538461538463,13.5,13.5,0.1691385915999018,0.6553027033805847,0.38461538461538464
Li10,92,31,31,33.69565217391305,41.5,41.5,0.1001591849053578,14.819832801818848,0.0
Li11,32,1,1,3.125,77.2,77.2,0.22643183491161367,0.038045335561037064,0.21875
Li12,21,8,8,38.095238095238095,126.2,126.2,0.04807480134637201,65.29131317138672,0.0
Li124_56,2,0,0,0.0,,,0.04818933162191404,0.003505871631205082,0.5
Li13,32,5,5,15.625,66.9,66.9,0.15610891968754956,6.812976360321045,0.0
Li14,13,0,0,0.0,,,0.0,0.0016281011048704386,0.6153846153846154
Li15,16,0,0,0.0,,,0.010023599132412296,3.4410970211029053,0.0
Li16,17,0,0,0.0,,,0.016028511022766884,16.175739288330078,0.0
Li17,45,0,0,0.0,,,0.09992218827976503,1.6046080589294434,0.0
Li18,15,3,3,20.0,117.2,117.2,0.38150933376934837,0.9896349906921387,0.0
Li19,2,0,0,0.0,,,0.08191973900367396,0.05982746183872223,0.0
Li20,3,0,0,0.0,,,0.037086600575072834,6.855520725250244,0.0
Li21,11,0,0,0.0,,,0.012496348382645166,91.42681121826172,0.0
Li22,8,0,0,0.0,,,0.015601850226634836,67.32941436767578,0.0
Li23,1,0,0,0.0,,,0.06322795465461126,128.6875762939453,0.0
Li24,6,0,0,0.0,,,0.0,0.0,1.0
Li25,2,0,0,0.0,,,0.03781327086072529,0.6431297063827515,0.0
Li26,4,0,0,0.0,,,0.01387915385897201,4.706289768218994,0.0
Li27,2,1,1,50.0,22.400000000000002,22.400000000000002,0.07317892561445927,132.841552734375,0.0
Li28,2,0,0,0.0,,,0.08900574054467286,21.0362491607666,0.0
Li29,1,0,0,0.0,,,0.0701834692733384,0.00036585371708497405,0.0
Li30,1,0,0,0.0,,,0.026051316638283004,0.12120325863361359,0.0
Li31,1,0,0,0.0,,,0.003104595469589859,232.98373413085938,0.0
Li32,1,0,0,0.0,,,0.03534712560262965,0.010171635076403618,0.0
Li33,1,0,0,0.0,,,0.021061531620434632,7.396298885345459,0.0
MC65,3,0,0,0.0,,,0.006398037192812856,13.747100830078125,0.0
MLt1,44,29,29,65.9090909090909,91.2,91.2,0.15119395130577273,18.68663787841797,0.0
MLt2,48,0,0,0.0,,,0.0,0.002845434471964836,0.7083333333333334
MLt3,55,14,14,25.454545454545453,57.900000000000006,57.900000000000006,0.28606224205394654,0.5375654101371765,0.18181818181818182
MLt4,44,2,2,4.545454545454546,119.0,119.0,0.10041180383729122,3.4089314937591553,0.0
MLt5,36,0,0,0.0,,,0.0,0.29437384009361267,0.8333333333333334
MLt6,30,0,0,0.0,,,0.0,0.7489850521087646,0.9
MLt7,24,0,0,0.0,,,0.022612992333999198,1.4372788667678833,0.08333333333333333
MLt8,14,2,2,14.285714285714285,111.5,111.5,0.010088787465341724,2.052950859069824,0.35714285714285715
MTe01a,47,0,0,0.0,,,0.02356958784254005,0.7015198469161987,0.0
MTe01b,27,0,0,0.0,,,0.005449875316468525,4.478915691375732,0.48148148148148145
MTe02,38,0,0,0.0,,,0.0,0.0,1.0
MTe03,24,0,0,0.0,,,0.0,6.0222828324185684e-06,0.9583333333333334
MTe04,18,0,0,0.0,,,0.0,0.12518352270126343,0.7222222222222222
MTe05,11,0,0,0.0,,,0.04832281204976906,1.0166770219802856,0.18181818181818182
MTe06,8,0,1,0.0,,127.4,0.0,7.143204689025879,0.75
MTe08,6,0,0,0.0,,,0.012534360676379919,0.42406153678894043,0.0
MTe09,4,0,0,0.0,,,0.062044639262918366,0.3181912899017334,0.0
MTe10,4,0,0,0.0,,,0.02697551563753779,0.05719444528222084,0.25
MTe11,3,0,0,0.0,,,0.06103238988528677,0.07506052404642105,0.0
MTe12,3,0,0,0.0,,,0.0,0.0,1.0
MTe13,3,0,0,0.0,,,0.043376700530490996,0.28009092807769775,0.3333333333333333
MTe14,2,1,1,50.0,62.5,62.5,0.3062713207029569,0.24685998260974884,0.0
MTe15,2,0,0,0.0,,,0.001236937272596953,345.804443359375,0.0
MTe16,2,0,0,0.0,,,0.02587182567598329,1.0288902521133423,0.0
MTe17,2,0,0,0.0,,,0.0,0.0,1.0
MTe18,1,0,0,0.0,,,0.0023189811164006473,152.22833251953125,0.0
MTe19,1,0,0,0.0,,,0.6638377413075301,0.001491418108344078,0.0
MTe20,1,0,0,0.0,,,0.007335519068076375,61.652923583984375,0.0
MTe21,1,0,0,0.0,,,0.0,0.0,1.0
MTe22,1,0,0,0.0,,,0.0,0.0,1.0
MTe23,1,0,0,0.0,,,0.0,0.0,1.0
MTe24,1,0,0,0.0,,,0.005831081903789434,1.5280975103378296,0.0
MTe25,1,0,0,0.0,,,0.03758840272536594,0.0007687443867325783,0.0
MTe26,1,0,0,0.0,,,0.0,0.0,1.0
MTe27,1,0,0,0.0,,,0.0,0.0,1.0
MTe28,1,0,0,0.0,,,0.016328308462291045,8.530804634094238,0.0
MTe29,1,0,0,0.0,,,0.019363923910993827,0.16673263907432556,0.0
MTe30,1,0,0,0.0,,,0.31781129788295026,0.001604336081072688,0.0
MTe31,1,0,0,0.0,,,0.014976161476750554,0.028062332421541214,0.0
MTe32,1,0,0,0.0,,,0.0,0.0,1.0
MTe33,1,0,0,0.0,,,0.0,0.0,1.0
MTe34,1,0,0,0.0,,,0.11402874955599987,2.134744167327881,0.0
MTe35,1,0,0,0.0,,,0.0,0.0,1.0
MTe36,1,0,0,0.0,,,0.086714770039244,6.302530288696289,0.0
MTe37,1,0,0,0.0,,,0.0013090710583247038,195.42298889160156,0.0
MTe38,1,0,0,0.0,,,0.4574466072319017,0.0006919603329151869,0.0
MTe39,1,0,0,0.0,,,0.06687281583804236,1.0891797542572021,0.0
MTe40,1,0,0,0.0,,,0.0,0.0,1.0
MTe41,1,0,0,0.0,,,0.0,0.0,1.0
MTe42,1,0,0,0.0,,,0.010424326064457382,38.446197509765625,0.0
MTe43,1,0,0,0.0,,,0.0,0.0,1.0
MTe44,1,0,0,0.0,,,0.0,0.0,1.0
MTe45,1,0,0,0.0,,,0.0,0.0,1.0
MTe48,1,0,0,0.0,,,0.006292804075499318,0.4051643908023834,0.0
MTe49,1,0,0,0.0,,,0.0,0.0,1.0
MTe50,29,2,2,6.896551724137931,0.1,0.1,0.08618232863417308,0.23950636386871338,0.10344827586206896
MTe51,50,22,22,44.0,98.80000000000001,98.80000000000001,0.4299152840762889,0.4543702304363251,0.2
MTe52,24,0,0,0.0,,,0.04015431932926848,0.04879561811685562,0.5
MTe53,7,0,0,0.0,,,0.0,0.0,1.0
MTe54,28,0,0,0.0,,,0.0,2.6455027182237245e-06,0.9642857142857143
MeTu1,122,0,0,0.0,,,0.0,0.0005190146621316671,0.5491803278688525
MeTu2a,36,5,6,13.88888888888889,118.9,118.9,0.0,4.767568588256836,0.6111111111111112
MeTu2b,14,0,0,0.0,,,0.027781218018186157,10.480711936950684,0.0
MeTu3a,20,1,1,5.0,163.8,163.8,0.0,0.8874486088752747,0.9
MeTu3b,45,0,0,0.0,,,0.0,0.0001485897955717519,0.8888888888888888
MeTu3c,65,0,0,0.0,,,0.0,0.027383923530578613,0.8923076923076924
MeTu4a,60,0,0,0.0,,,0.009219573407959484,1.8967775106430054,0.4166666666666667
MeTu4b,12,0,0,0.0,,,0.0033418140907312127,33.99732208251953,0.08333333333333333
MeTu4c,51,0,0,0.0,,,0.026296774941261827,16.709571838378906,0.11764705882352941
MeTu4d,18,0,0,0.0,,,0.005513111580670268,24.444923400878906,0.1111111111111111
Mi1,796,30,30,3.7688442211055273,141.1,141.1,0.06284573164383822,2.864231586456299,0.03768844221105527
Mi10,207,3,3,1.4492753623188406,92.10000000000001,92.10000000000001,0.13821008242372676,0.7894551157951355,0.4106280193236715
Mi13,349,67,67,19.197707736389685,32.1,32.1,0.09253785116161083,3.154933214187622,0.0830945558739255
Mi14,126,0,0,0.0,,,0.0,0.3563027083873749,0.873015873015873
Mi15,478,21,22,4.393305439330543,164.8,47.1,0.0,0.7720983624458313,0.7238493723849372
Mi2,425,175,175,41.17647058823529,33.300000000000004,33.300000000000004,0.08587829350251984,5.255920886993408,0.007058823529411765
Mi4,765,87,87,11.372549019607844,71.0,71.0,0.1184039683065011,5.390086650848389,0.05228758169934641
Mi9,768,70,70,9.114583333333332,19.400000000000002,19.400000000000002,0.02484027742093573,19.026695251464844,0.026041666666666668
Nod1,2,0,0,0.0,,,0.40884508854520357,0.00027551944367587566,0.0
Nod2,1,0,0,0.0,,,0.14984818312428896,0.003544715465977788,0.0
Nod3,1,0,0,0.0,,,1.0,3.613369699451141e-05,0.0
Nod5,1,0,0,0.0,,,0.07474881097930308,0.03366847336292267,0.0
OA-AL2i1,1,0,0,0.0,,,0.0020629023299077354,262.78826904296875,0.0
OA-AL2i2,2,0,0,0.0,,,0.002764320752260685,103.01175689697266,0.0
OA-AL2i3,2,0,0,0.0,,,0.003352613179582093,322.2910461425781,0.0
OA-AL2i4,1,0,0,0.0,,,0.00048427974044462424,318.9497985839844,0.0
PDt,6,0,0,0.0,,,0.20300445840383302,2.7656590938568115,0.0
PLP020,1,0,0,0.0,,,0.01035261378228718,26.363771438598633,0.0
PLP022,1,0,0,0.0,,,0.002097674938898898,318.491455078125,0.0
PLP023,1,0,0,0.0,,,0.002257243069699517,90.72937774658203,0.0
PLP032,1,0,0,0.0,,,0.01267223622313971,8.900958061218262,0.0
PLP035,1,0,0,0.0,,,0.1294681416958712,0.005733514204621315,0.0
PLP036,1,0,0,0.0,,,0.04568952532039172,0.09518428146839142,0.0
PLP037b,1,0,0,0.0,,,0.0400826766397219,0.15324300527572632,0.0
PLP051,1,0,0,0.0,,,0.009619826848081717,0.7033441662788391,0.0
PLP068,1,0,0,0.0,,,0.0,0.0,1.0
PLP081,1,0,0,0.0,,,0.030423048866646086,1.5442556142807007,0.0
PLP103b,1,0,0,0.0,,,0.037606252600540686,0.07708581537008286,0.0
PLP104,1,0,0,0.0,,,0.0,0.0,1.0
PLP150a,1,0,0,0.0,,,0.0026375586404763863,98.52487182617188,0.0
PLP155,1,0,0,0.0,,,0.0,0.0,1.0
PLP163,1,0,0,0.0,,,0.03625719240814958,0.27385544776916504,0.0
PLP177,1,0,0,0.0,,,0.013962255562230049,9.353750228881836,0.0
PLP185,1,0,0,0.0,,,0.0,0.0,1.0
PLP215,1,0,0,0.0,,,0.6654947659750016,0.0034588980488479137,0.0
PLP231,2,0,0,0.0,,,0.002954662683515189,270.532470703125,0.0
PLP239,1,0,0,0.0,,,1.0,3.613369699451141e-05,0.0
PLP248,1,0,0,0.0,,,0.01365409491227681,3.890871524810791,0.0
PLP249,1,0,0,0.0,,,0.043560271929262574,1.2184498310089111,0.0
PLP251,1,0,0,0.0,,,0.003129886948419282,0.24666215479373932,0.0
PLP252,1,0,0,0.0,,,0.03670893920793925,0.3650966286659241,0.0
Pm01,119,3,3,2.5210084033613445,79.30000000000001,79.30000000000001,0.03936788186551009,29.986806869506836,0.0
Pm02,88,46,46,52.27272727272727,91.9,91.9,0.10697409747826803,17.393402099609375,0.0
Pm03,94,51,51,54.25531914893617,3.3000000000000003,3.3000000000000003,0.09576155939209569,29.16678810119629,0.0
Pm04,40,6,6,15.0,109.80000000000001,109.80000000000001,0.20635653503552598,0.4936857521533966,0.0
Pm05,75,7,7,9.333333333333334,67.9,67.9,0.047800157890262415,0.3540516793727875,0.0
Pm06,25,1,1,4.0,1.0,1.0,0.021800733947601156,61.56953811645508,0.0
Pm07,16,0,0,0.0,,,0.027073993100280178,29.25316047668457,0.0
Pm08,59,26,26,44.06779661016949,145.8,145.8,0.029909750953210076,81.32054901123047,0.0
Pm09,38,0,0,0.0,,,0.0654453538726806,0.006715115159749985,0.10526315789473684
Pm10,24,0,0,0.0,,,0.10457483662207108,3.7660179138183594,0.0
Pm11,16,0,0,0.0,,,0.005572064560604957,118.71855926513672,0.0
Pm12,2,0,0,0.0,,,0.012286139195210103,206.4168243408203,0.0
Pm13,1,0,0,0.0,,,0.017646194745140495,6.265254974365234,0.0
Pm14,2,0,0,0.0,,,0.008239658592575826,41.0357551574707,0.0
R1-6,2507,0,0,0.0,,,0.0,0.5422902703285217,0.9142401276426008
R7,639,431,476,67.4491392801252,127.0,135.5,0.05413282247076898,26.23442268371582,0.07042253521126761
R8,617,434,468,70.34035656401944,136.5,137.70000000000002,0.057848368929050424,23.159263610839844,0.05186385737439222
Sm01,144,2,2,1.3888888888888888,117.0,117.0,0.0,0.01588868722319603,0.7847222222222222
Sm02,195,13,13,6.666666666666667,117.9,117.9,0.0,0.24316531419754028,0.5743589743589743
Sm03,94,1,1,1.0638297872340425,100.30000000000001,100.30000000000001,0.0,0.9154807329177856,0.5957446808510638
Sm04,74,0,0,0.0,,,0.04641789582438921,0.04542918503284454,0.2702702702702703
Sm05,73,1,1,1.36986301369863,98.0,98.0,0.12311929769499576,0.985908567905426,0.0958904109589041
Sm06,81,2,2,2.4691358024691357,3.4000000000000004,3.4000000000000004,0.0,0.6464158296585083,0.6419753086419753
Sm07,153,0,0,0.0,,,0.01391705741245703,3.63321852684021,0.013071895424836602
Sm08,81,1,1,1.2345679012345678,100.5,100.5,0.016901597949931402,10.087294578552246,0.20987654320987653
Sm09,83,38,47,45.78313253012048,142.3,144.4,0.030006614346519255,67.82978820800781,0.0
Sm10,43,0,0,0.0,,,0.0,0.08999541401863098,0.6976744186046512
Sm11,4,0,0,0.0,,,0.0,9.259259968530387e-06,0.75
Sm12,72,1,1,1.3888888888888888,135.9,135.9,0.0441988313506034,2.308990955352783,0.1388888888888889
Sm13,20,0,0,0.0,,,0.0,0.008923126384615898,0.9
Sm14,19,0,0,0.0,,,0.0018209404305344543,44.33687973022461,0.10526315789473684
Sm15,53,1,1,1.8867924528301887,114.80000000000001,114.80000000000001,0.0,0.4072056710720062,0.660377358490566
Sm16,34,0,0,0.0,,,0.012937847455054753,15.083046913146973,0.0
Sm17,6,0,0,0.0,,,0.0,0.0013077385956421494,0.6666666666666666
Sm18,17,0,0,0.0,,,0.00655516455115115,22.299747467041016,0.11764705882352941
Sm19,27,0,0,0.0,,,0.06387687692206795,1.983911395072937,0.037037037037037035
Sm20,28,0,0,0.0,,,0.020792464727888073,10.502790451049805,0.0
Sm21,22,0,0,0.0,,,0.03515750495418382,0.24381175637245178,0.3181818181818182
Sm22,23,1,1,4.3478260869565215,53.400000000000006,53.400000000000006,0.04061841855912227,61.74055480957031,0.0
Sm23,22,0,0,0.0,,,0.011411557929405208,2.779881715774536,0.09090909090909091
Sm24,4,0,0,0.0,,,0.0,0.0,1.0
Sm25,9,0,0,0.0,,,0.0036031486466093533,43.543392181396484,0.0
Sm26,10,1,1,10.0,143.20000000000002,143.20000000000002,0.061052952210659,1.0539326667785645,0.0
Sm27,7,2,2,28.57142857142857,8.200000000000001,8.200000000000001,0.1238073791649706,18.526813507080078,0.0
Sm28,3,0,0,0.0,,,0.0,0.0,1.0
Sm29,5,0,0,0.0,,,0.014144666427088691,0.8361203074455261,0.0
Sm30,12,0,0,0.0,,,0.0,0.0,1.0
Sm31,12,0,0,0.0,,,0.0,0.0002984041057061404,0.9166666666666666
Sm32,29,0,0,0.0,,,0.018494619519448148,43.7269172668457,0.0
Sm33,3,0,0,0.0,,,0.006003609727204775,4.658340930938721,0.3333333333333333
Sm34,6,0,0,0.0,,,0.0,0.0,1.0
Sm35,3,0,0,0.0,,,0.0,0.0,1.0
Sm36,3,1,1,33.33333333333333,75.7,75.7,0.05224822283455523,15.248930931091309,0.0
Sm37,1,0,0,0.0,,,0.032735411824584205,1.5895355939865112,0.0
Sm38,2,0,0,0.0,,,0.004336630406417896,133.0402069091797,0.0
Sm39,1,0,0,0.0,,,0.0,0.0,1.0
Sm40,2,0,0,0.0,,,0.0,0.0,1.0
Sm41,1,0,0,0.0,,,0.23467332288831422,0.0039801266975700855,0.0
Sm42,1,0,0,0.0,,,0.0006866228996141655,417.1297912597656,0.0
Sm43,6,0,0,0.0,,,0.005399688641457124,2.1058309078216553,0.5
T1,737,0,0,0.0,,,0.013600010556348506,9.461634635925293,0.012211668928086838
T2,725,1,1,0.13793103448275862,111.30000000000001,111.30000000000001,0.15795618135722464,0.010593806393444538,0.2317241379310345
T2a,858,35,35,4.0792540792540795,61.800000000000004,61.800000000000004,0.152225645653341,0.3413073420524597,0.12121212121212122
T3,822,48,48,5.839416058394161,2.6,2.6,0.1131925740922219,0.9107856750488281,0.03527980535279805
T4a,737,2,2,0.27137042062415195,146.0,146.0,0.0,0.042766038328409195,0.8181818181818182
T4b,748,2,2,0.267379679144385,122.30000000000001,122.30000000000001,0.0,0.02220635488629341,0.8850267379679144
T4c,842,2,2,0.23752969121140144,113.2,113.2,0.0,0.02797599695622921,0.834916864608076
T4d,777,0,0,0.0,,,0.0,0.039172254502773285,0.8416988416988417
T5a,743,2,2,0.2691790040376851,0.1,0.1,0.11055853565395726,0.04980933293700218,0.20861372812920592
T5b,760,1,1,0.13157894736842105,123.9,123.9,0.10495828044996783,0.017643488943576813,0.24210526315789474
T5c,766,5,5,0.6527415143603132,77.30000000000001,77.30000000000001,0.12372705013265872,0.08631697297096252,0.17232375979112272
T5d,727,2,2,0.2751031636863824,82.4,82.4,0.10676531923680231,0.08035287261009216,0.15405777166437415
Tlp1,67,0,0,0.0,,,0.005313535905745471,51.133602142333984,0.014925373134328358
Tlp14,29,0,0,0.0,,,0.02372260448047251,4.375550270080566,0.0
Tlp4,49,0,0,0.0,,,0.0037340467951962313,51.260738372802734,0.0
Tlp5,27,0,0,0.0,,,0.016752510134356607,8.654133796691895,0.0
Tm1,775,7,7,0.903225806451613,28.5,28.5,0.03605238816537163,6.049769401550293,0.025806451612903226
Tm16,173,12,12,6.9364161849710975,173.3,173.3,0.16656221467538268,0.467339426279068,0.3352601156069364
Tm2,767,5,5,0.651890482398957,78.80000000000001,78.80000000000001,0.023191919437717753,6.863786220550537,0.02607561929595828
Tm20,742,95,98,12.80323450134771,118.60000000000001,118.7,0.025439076057702563,14.922839164733887,0.014824797843665768
Tm21,623,24,24,3.8523274478330656,125.2,125.2,0.16706534271787574,0.18190650641918182,0.03210272873194221
Tm25,353,51,51,14.44759206798867,1.2000000000000002,1.2000000000000002,0.1907179722988673,0.6725072264671326,0.031161473087818695
Tm27,559,4,4,0.7155635062611807,16.2,16.2,0.0,0.023571649566292763,0.629695885509839
Tm3,858,10,10,1.1655011655011656,95.2,95.2,0.05665713333727977,4.206576347351074,0.053613053613053616
Tm31,54,0,0,0.0,,,0.0,0.16639487445354462,0.9074074074074074
Tm32,76,1,1,1.3157894736842104,120.7,120.7,0.08078115965364799,0.039991941303014755,0.15789473684210525
Tm33,56,52,52,92.85714285714286,101.7,101.7,0.08867653287606678,82.95465087890625,0.0
Tm34,37,0,0,0.0,,,0.0,0.0021762980613857508,0.8918918918918919
Tm35,60,0,0,0.0,,,0.0,0.0003307136648800224,0.6333333333333333
Tm36,140,27,27,19.28571428571429,96.9,96.9,0.019044291863248776,0.4787045419216156,0.5
Tm37,114,80,80,70.17543859649122,26.1,26.1,0.15321569909605284,8.771742820739746,0.017543859649122806
Tm4,733,141,141,19.236016371077763,152.3,152.3,0.10555253130353967,2.6346774101257324,0.021828103683492497
Tm5a,219,23,23,10.50228310502283,34.9,34.9,0.03422765379035223,0.4981043040752411,0.4840182648401826
Tm5b,226,0,0,0.0,,,0.0,0.00015447156329173595,0.9734513274336283
Tm5c,308,137,142,44.48051948051948,101.7,101.4,0.047622347551243935,12.199400901794434,0.016233766233766232
Tm5d,174,8,8,4.597701149425287,90.30000000000001,90.30000000000001,0.0,0.08183202892541885,0.7068965517241379
Tm5e,239,13,13,5.439330543933055,98.0,98.0,0.15354033332293707,1.1752592325210571,0.18410041841004185
Tm5f,397,143,143,36.02015113350126,110.60000000000001,110.60000000000001,0.23967675519431425,1.5934839248657227,0.07556675062972293
Tm7,234,2,2,0.8547008547008548,87.60000000000001,87.60000000000001,0.03128789583980574,0.6909284591674805,0.452991452991453
Tm8a,119,8,8,6.722689075630252,90.60000000000001,90.60000000000001,0.0,0.0632823035120964,0.5042016806722689
Tm8b,59,0,0,0.0,,,0.0,0.06384320557117462,0.7288135593220338
Tm9,755,12,12,1.5894039735099337,30.6,30.6,0.031538087754207196,3.595813751220703,0.12980132450331125
TmY10,222,164,168,73.87387387387388,100.5,102.0,0.09325079903883113,14.971019744873047,0.0
TmY11,177,14,14,7.909604519774012,18.6,18.6,0.13543153109542946,1.320632815361023,0.15254237288135594
TmY14,185,0,0,0.0,,,0.1972880297428216,0.007132137194275856,0.10810810810810811
TmY15,135,9,9,6.666666666666667,160.0,160.0,0.2374756990624174,0.03273401036858559,0.18518518518518517
TmY16,76,13,13,17.105263157894736,136.0,136.0,0.050832814604649224,23.9208984375,0.0
TmY20,141,0,0,0.0,,,0.02189536150843127,7.602023601531982,0.04964539007092199
TmY3,359,6,6,1.6713091922005572,6.7,6.7,0.18666429151954309,0.06643934547901154,0.0807799442896936
TmY31,156,2,2,1.282051282051282,33.7,33.7,0.014315798979154193,0.07316683232784271,0.05128205128205128
TmY4,211,74,74,35.07109004739337,95.10000000000001,95.10000000000001,0.447705848098694,0.2513085603713989,0.0995260663507109
TmY5a,572,56,56,9.79020979020979,22.6,22.6,0.17276674125293456,1.20915687084198,0.06993006993006994
TmY9q,173,155,155,89.59537572254335,43.1,43.1,0.1960524702038519,16.487548828125,0.005780346820809248
TmY9q__perp,188,100,100,53.191489361702125,153.60000000000002,153.60000000000002,0.29419383878324035,4.503983974456787,0.02127659574468085
VCH,1,0,0,0.0,,,0.017524850602381646,11.071688652038574,0.0
VS1,1,0,0,0.0,,,0.18310283506541494,0.0033974708057940006,0.0
VS2,1,0,0,0.0,,,0.04664892726847052,0.024329720064997673,0.0
VS3,1,0,0,0.0,,,0.21692171300027555,0.3780948519706726,0.0
VS4,1,0,0,0.0,,,0.07006960036868655,0.050518520176410675,0.0
VS5,1,0,0,0.0,,,0.2590911894678478,0.0002195122215198353,0.0
VS6,1,0,0,0.0,,,0.27516567896107924,0.00021860888227820396,0.0
VS7,1,0,0,0.0,,,0.3296635902692686,0.00010930444113910198,0.0
VS8,1,0,0,0.0,,,0.22232442598461105,0.002854561898857355,0.0
VST1,2,0,0,0.0,,,0.5000000000000001,1.8518519937060773e-05,0.5
VST2,4,0,0,0.0,,,0.0,0.0,1.0
VSm,2,0,0,0.0,,,0.24194902776905627,0.0006196929607540369,0.0
Y1,82,5,5,6.097560975609756,169.10000000000002,169.10000000000002,0.11351795518318607,0.5764350295066833,0.06097560975609756
Y11,68,13,13,19.11764705882353,41.7,41.7,0.13153482797158914,3.383057117462158,0.07352941176470588
Y12,97,1,1,1.0309278350515463,154.0,154.0,0.014928546267011235,0.5397989749908447,0.4742268041237113
Y3,305,49,49,16.065573770491802,96.2,96.2,0.1526423069162822,1.8234550952911377,0.006557377049180328
Y4,78,0,0,0.0,,,0.04030401907638632,0.7309896945953369,0.38461538461538464
aMe1,2,0,0,0.0,,,0.6211728248610084,0.0008410118171013892,0.0
aMe12,3,0,0,0.0,,,0.006937341451488344,136.02279663085938,0.0
aMe15,1,0,0,0.0,,,0.0,0.0,1.0
aMe17a1,1,0,0,0.0,,,0.001515750263566931,194.91041564941406,0.0
aMe17a2,1,0,0,0.0,,,0.003432421771132367,233.30079650878906,0.0
aMe17b,2,0,0,0.0,,,0.0,0.0,1.0
aMe17c,2,0,0,0.0,,,0.007614232793833392,140.2720947265625,0.0
aMe20,1,0,0,0.0,,,0.11655309789497188,0.0054083107970654964,0.0
aMe22,1,0,0,0.0,,,0.005272097311562776,205.35816955566406,0.0
aMe24,1,0,0,0.0,,,0.027133538740852052,8.388039588928223,0.0
aMe25,1,0,0,0.0,,,0.15064319078907606,0.07897740602493286,0.0
aMe26,3,0,0,0.0,,,0.00471444409942936,60.9000244140625,0.0
aMe3,1,0,0,0.0,,,0.01173239687340361,3.588731050491333,0.0
aMe4,5,0,0,0.0,,,0.0,0.0,1.0
aMe5,28,0,0,0.0,,,0.0,9.136663720710203e-05,0.8571428571428571
aMe6a,1,0,0,0.0,,,0.00461115405964464,234.09579467773438,0.0
aMe8,2,0,0,0.0,,,0.0,0.0,1.0
cL01,8,0,0,0.0,,,0.011240358445628082,0.22515869140625,0.0
cL02a,3,0,0,0.0,,,0.03568914533841381,0.3348114788532257,0.0
cL02b,4,0,0,0.0,,,0.004605466793945498,38.56098175048828,0.25
cL02c,3,0,0,0.0,,,0.0,0.051029808819293976,0.6666666666666666
cL03,4,0,0,0.0,,,0.021931303437520054,0.018492773175239563,0.5
cL04,2,0,0,0.0,,,0.1990751011324002,0.019145438447594643,0.0
cL05,1,0,0,0.0,,,0.0,0.0,1.0
cL06,1,0,0,0.0,,,0.04373760252440146,0.0007317073759622872,0.0
cL07,1,0,0,0.0,,,0.009179221365479447,81.1876220703125,0.0
cL08,1,0,0,0.0,,,0.008045469940811225,35.00194549560547,0.0
cL09,1,0,0,0.0,,,0.12001369255858581,0.025988256558775902,0.0
cL10,1,0,0,0.0,,,0.08507504599481644,0.012022584676742554,0.0
cL11,1,0,0,0.0,,,0.006009710810321102,49.357421875,0.0
cL12,1,0,0,0.0,,,0.0017107104502563403,148.87655639648438,0.0
cL13,1,0,0,0.0,,,0.003585176053199522,141.4999237060547,0.0
cL14,1,0,0,0.0,,,0.0024875903366953014,0.0757037028670311,0.0
cL15,1,0,0,0.0,,,0.003501246474188433,64.82222747802734,0.0
cL16,2,0,0,0.0,,,0.032242994147965706,1.880719542503357,0.0
cL18,3,0,0,0.0,,,0.0137247821545038,0.37904542684555054,0.0
cL20,1,0,0,0.0,,,0.004149448136558009,40.272335052490234,0.0
cL21,2,0,0,0.0,,,0.05058179593705378,23.805299758911133,0.0
cL22a,1,0,0,0.0,,,0.006051908972272634,0.1894553005695343,0.0
cL22b,1,0,0,0.0,,,0.016034316519891005,0.7405175566673279,0.0
cL22c,1,0,0,0.0,,,0.003331228676584182,1.490917682647705,0.0
cLLP02,2,0,0,0.0,,,0.14994989996538732,0.006117886397987604,0.0
cLLPM01,3,0,0,0.0,,,0.0,0.11651851236820221,0.6666666666666666
cLLPM02,1,0,0,0.0,,,0.010057386363086406,28.70915985107422,0.0
cLM01,1,0,0,0.0,,,0.015230544589147181,0.008701897226274014,0.0
cLP01,27,0,0,0.0,,,0.0367468470499474,1.2389963865280151,0.18518518518518517
cLP02,43,0,0,0.0,,,0.0025593629986597585,22.929590225219727,0.09302325581395349
cLP03,20,0,0,0.0,,,0.025769453110017083,8.680684089660645,0.0
cLP04,1,0,0,0.0,,,0.002558606781708056,151.6609649658203,0.0
cLP05,1,0,0,0.0,,,0.033885781827483794,0.2511093020439148,0.0
cLPL01,1,0,0,0.0,,,0.0672978410604972,0.10214000940322876,0.0
cM01a,1,0,0,0.0,,,0.006912919114700405,19.126174926757812,0.0
cM01b,1,0,0,0.0,,,0.0014403268450131719,131.45864868164062,0.0
cM01c,1,0,0,0.0,,,0.0007482029458101606,390.7947082519531,0.0
cM02a,1,0,0,0.0,,,0.0024277044075623993,32.569236755371094,0.0
cM02b,1,0,0,0.0,,,0.005554998040766178,3.6617794036865234,0.0
cM03,3,0,0,0.0,,,0.00612600615478604,44.23136901855469,0.0
cM04,3,0,0,0.0,,,0.007976983786203684,30.1928653717041,0.0
cM05,1,0,0,0.0,,,0.0,0.0,1.0
cM06,1,0,0,0.0,,,0.9999999999999999,3.613369699451141e-05,0.0
cM07,1,0,0,0.0,,,0.01083568627720625,60.86566925048828,0.0
cM08a,2,0,0,0.0,,,0.005779799624475005,172.46542358398438,0.0
cM08b,2,0,0,0.0,,,0.013445032911325979,66.76558685302734,0.0
cM08c,3,0,0,0.0,,,0.010780558300158585,37.75777053833008,0.0
cM09,3,0,0,0.0,,,0.005708972855921968,271.9675598144531,0.0
cM10,1,0,0,0.0,,,0.09983425827503578,0.032275520265102386,0.0
cM12,1,0,0,0.0,,,0.0021363286285555933,133.4622802734375,0.0
cM13,1,0,0,0.0,,,4.7369515717340015e-17,0.20069289207458496,0.0
cM14,1,0,0,0.0,,,0.0026558717950017456,1.0065139532089233,0.0
cM15,1,0,0,0.0,,,0.004472372062049692,79.63689422607422,0.0
cM16,1,0,0,0.0,,,0.006866002125532195,20.240854263305664,0.0
cM17,1,0,0,0.0,,,0.0045235886510365175,40.270015716552734,0.0
cM18,1,0,0,0.0,,,0.00430321961858753,2.4079530239105225,0.0
cML01,1,0,0,0.0,,,0.015881797222710412,48.9106330871582,0.0
cML02,1,0,0,0.0,,,0.19594607176037226,0.001205058884806931,0.0
cMLLP01,1,0,0,0.0,,,0.002225056293267951,203.3570098876953,0.0
cMLLP02,2,0,0,0.0,,,0.038313242941290133,0.4970405697822571,0.0
l-CPDN3,1,0,0,0.0,,,0.0,0.0,1.0
mALC3,1,0,0,0.0,,,0.0011221127315436759,63.01382064819336,0.0
mALC4,1,0,0,0.0,,,0.0036756305594109868,142.23387145996094,0.0
mALC5,1,0,0,0.0,,,0.013676233801946025,0.3671227991580963,0.0
mALC6,2,0,0,0.0,,,0.0038934267990826514,253.01377868652344,0.0
mALD1,1,0,0,0.0,,,0.007497816035697798,73.8326644897461,0.0
mALD2,1,0,0,0.0,,,0.01887456702463403,26.170734405517578,0.0
s-CPDN3A,2,0,0,0.0,,,0.006240575080310369,35.39871597290039,0.5
s-LNv,4,0,0,0.0,,,0.02539141789114266,0.9160857200622559,0.0
uncertain,15,1,1,6.666666666666667,136.8,136.8,0.00883917180414797,35.342586517333984,0.2
vCal1,1,0,0,0.0,,,0.028509889794984103,11.603325843811035,0.0
